# generated by censoring-bounds.sql on 2026-08-19 | requests with five or more items
cutoff,key,requests,fraction_resolved,p5_observed,p5_lower_bound,p5_upper_bound,p5_mar,win_rate_at_position
position,1,,0.33813294936405086,,,,,0.30092264017033354
position,2,,0.3323497854077253,,,,,0.2768361581920904
position,3,,0.32090199479618386,,,,,0.24864864864864866
position,4,,0.3198776758409786,,,,,0.24282982791587
position,5,,0.3265960859801091,,,,,0.2406679764243615
overall,all,3117,0.3341033044594161,0.3006191332135012,0.0848893166506256,0.7507860121912094,0.25903469862123246,
year,2025,1809,0.30370370370370375,0.3198704103671706,0.07540077390823662,0.7716970702045328,0.25760222123280324,
year,2026,1308,0.3761467889908258,0.276626289816061,0.09801223241590214,0.7218654434250764,0.26101585427541313,
